,including_zeros,excluding_zeros
U>G,0.076923077,0.070120356
U>C,0.514905149,0.514905149
U>A,0.145748988,0.137274412
G>U,1,0.666666667
G>C,0.2,0.162962963
G>A,0.827586207,0.827586207
C>U,0.078947368,0.078947368
C>G,0.05,0.037804878
C>A,0.4,0.321052632
A>U,0.197278912,0.176445578
A>G,0.80952381,0.80952381
A>C,0.172413793,0.158808351
avg,0.372777275,0.330174864
